A compact electroencephalogram recording device with integrated audio stimulation system;EP;Investigación (Investigación sobre la señal - Investigaciones rutinarias);Diseñar un sistema de medida
Afferent and efferent activity control in the design of brain computer interfaces for motor rehabilitation;EEG;BCI (Brain-Computer Interface) / Medicina/Biomedicina (Rehabilitación tras derrame cerebral);Diseñar una BCI
Age-related changes in EEG power spectra in infants during sevoflurante wash-out;EEG;Investigación (Investigación sobre la señal - EEG infantil durante cirugía con anestesia);Contribuir al conocimiento sobre la señal
A method for better positioning bipolar electrodes for lower limb EMG recordings during dynamic contractions;EMG;Investigación (Investigación sobre la señal - EMG durante actividades cotidianas);Hallar posiciones de electrodo óptimas
A model for removing transcranial current stimulation in concurrently measured EEG;EEG;Medicina/biomedicina (TCS Transcranial Current Stimulation);Cancelación de ruido (Cancelación de una interferencia en particular: debida al procedimiento de TCS)
A Modular, Smart, and Wearable System for High Density sEMG Detection;EMG;Investigación (Investigación sobre la señal: estudio del sistema neuromuscular mediante HD-sEMG);Diseñar un sistema de medida
An algorithm study for FES evoked artifacts removal based on the combination of CEEMDAN and GS;EMG;Medicina/biomedicina (rehabilitación tras derrame cerebral);Cancelación de ruido (Cancelación de una interferencia en particular: debida al procedimiento de FES)
A Neural Recording with 16 Reconfigurable Front-end Channels and Memristive Processing/Memory Unit;AP;Investigación (Investigación sobre la señal: estudio del sistema nervioso a través de medidas neuronales);Diseñar un sistema de medida
An improved algorithm for electrohysterogram envelope extraction;N/A;N/A;N/A
An innovative adaptive filtering technique for electromyography (EMG) signals influenced by signal cord transcutaneous stimulation;EMG;Medicina/biomedicina (rehabilitación tras lesión de la médula espinal / scTS);Cancelación de ruido (cancelación de una interferencia en particular: debida al procedimiento de scTS)
A Real-time EMG-Based Fixed-Bandwidth Frequency-Domain Embedded System for Robotic Hand;EMG;Prótesis (de miembro superior);Diseñar un sistema de control (control de mano robótica mediante señal EMG)
A simple method for detection and classification of ECG noises for wearable ECG monitoring devices;ECG;Investigación (sobre la señal) / Sistemas de monitorización \textit{wearable};Contribuir al conocimiento sobre la señal
A Smart Textile Electrode Belt for ECG Recordings - A Pilot Study with Indian Population;ECG;Medicina/biomedicina (medicina ambulatoria) / Electrodo textil;Diseñar un sistema de medida (diseño de electrodo textil)
Assessment of post-cardiac-arrest somatosensory evoked potential in rats;EP;Investigación (Investigación sobre la señal);Contribuir al conocimiento sobre la señal (SSEP tras paro cardíaco)
Automated Classification and Removal of EEG Artifacts With SVM and Wavelet-ICA;EEG;Medicina/biomedicina (estudio/diagnóstico de la epilepsia) / BCI (Brain-Computer Interface);Cancelación de ruido (general)
Automated detection and correction of eye blink and muscular artefacts in EEG signal for analysis of Autism Spectrum Disorder;EEG;Medicina/biomedicina (estudio/diagnóstico del TEA);Cancelación de ruido (varias interferencias en particular: musculares, de parpadeo)
Baseline wander removal from ECG signal using State Space Recursive Least Squares (SSRLS) adaptive filter;ECG;Investigación (sobre interferencias);Cancelación de ruido (de una interferencia en particular: \textit{baseline wander})
Characterization of EMG time-frequency content during Parkinson walking: a pilot study;EMG;Investigación (sobre la señal);Contribuir al conocimiento sobre la señal (\textit{gait analysis} / comparación en frecuencia de la señal EMG de personas con enfermedad de Parkinson)
Comparison of Laplacian and bipolar ECGs for R-wave detection during noise;ECG;Investigación (sobre sistemas de medida);Hallar posiciones de electrodo óptimas
Comparison of methods for reducing residual noise in suprathreshold early auditory evoked potential registration;N/A;N/A;N/A
Design and implementation of a multiband digital filter using FPGA to extract the ECG signal in the presence of different interference signals;ECG;Investigación (sobre técnicas de filtrado);Investigación (sobre técnicas de filtrado) & \small Cancelación de ruido (varias interferencias en particular: red eléctrica, respiración, muscular, ruido blanco en banda ECG)
Design of digital FIR filter implemented with window techniques for reduction of power line interference from ECG signal;ECG;Investigación (Investigación sobre técnicas de filtrado);Cancelación de ruido (de una interferencia en particular: red eléctrica)
Detecting the Elusive P-Wave: A New ECG Lead to Improve the Recording of Atrial Activity;ECG;Medicina/biomedicina (estudio/diagnóstico de la fibrilación auricular);Hallar posiciones de electrodo óptimas
Detection of End of T-wave in Fetal ECG Using Recurrence Plots;ECG;Medicina/biomedicina (estudio del ECG fetal);Contribuir al conocimiento sobre la señal
Development of a compact-size and wireless surface EMG measurement system;EMG;Investigación (sobre sistemas de medida);Diseñar un sistema de medida
Development of a Printed Circuit Board for Electromyographic Signal Acquisition;EMG;HMI (Human-Machine Interface) basada en sEMG / Robótica (\textit{assistive robotics});Diseñar un sistema de medida (PCB para adquisición y acondicionamiento de sEMG)
Digitization of Electrocardiogram From Telemetry Prior to In-hospital Cardiac Arrest: A Pilot Study;ECG;Medicina/biomedicina (telemetría/monitorización de ECG en hospitales);Diseñar una técnica de procesamiento (para digitalización de papeles impresos por sistemas de telemetría)
Dynamics of high frequency brain activity;EEG;Investigación (Investigación sobre la señal);Contribuir al conocimiento sobre la señal
Effect of sampling frequency on EMG power spectral characteristics;EMG;Investigación (sobre técnicas de procesamiento);Contribuir al conocimiento sobre la señal (hallar frecuencia de muestreo óptima)
Electrical Rhythms Revealed by Harmonic Analysis of a High-Resolution Cardiogram;ECG;Investigación (sobre la señal);Contribuir al conocimiento sobre la señal (estudio armónico sobre la señal ECG)
Elimination of Ocular Artifacts from EEG Signals using the wavelet transform and empirical mode decomposition;EEG;Investigación (sobre interferencias);Cancelación de ruido (de una interferencia en particular: ocular)
EMG spectrum shifts of biceps brachii when acting as an antagonist;EMG;Investigación (sobre la señal);Contribuir al conocimiento sobre la señal (comportamiento de los músculos del codo durante contracciones lineales)
Empowering healthcare: Secure hand gesture authentication in medical IoT with sEMG;EMG;IoT médico / IoMT (\textit{Internet of Medical Things});Diseñar un sistema de autenticación (basado en gestos de la mano)
ESAD: Expert System for Apnea Detection using Enhanced DW Feature Extraction and Machine Learning Algorithms;EEG;Medicina/biomedicina (estudio/diagnóstico de la apena del sueño);Diseñar un algoritmo de detección (detección de la apnea del sueño a partir de la señal EEG)
Estimation of Time-Varying Spectral Peaks and Decomposition of EEG Spectrograms;EEG;Investigación (sobre la señal) / Estudio del sueño;Diseñar una técnica de procesamiento (descomposición del espectrograma)
Evaluation of Hand Gesture Classification Based on Motor Units Activation for Prosthetic Application;EMG;Prótesis (de miembro superior);Diseñar un sistema de control (control de prótesis de miembro superior)
Evaluation of Novel Embroidered Textile-Electrodes Made from Hybrid Polyamide Conductive Threads for Surface EMG Sensing;EMG;Medicina/biomedicina (medicina ambulatoria) / Electrodo textil;Diseñar un sistema de medida (diseño de electrodo textil)
Evaluation of the low-frequency components in surface electromyography;EMG;Investigación (sobre la señal);Contribuir al conocimiento sobre la señal (componentes de BF de la señal EMG)
Fatigue Detection in SSVEP-BCIs Based on Wavelet Entropy of EEG;Varias;BCI (Brain-Computer Interface);Diseñar un algoritmo de detección (detección de la fatiga mental para BCI basada en SSVEP)
Frequency content of the QRS notching in high-fidelity canine ECG;ECG;Investigación (sobre la señal);Contribuir al conocimiento sobre la señal (estudiar los rangos de frecuencia de QRS \textit{notches}/\textit{slurs})
Global field synchronization in gamma range of the sleep EEG tracks sleep depth: Artifact introduced by a rectangular analysis window;EEG;Investigación (sobre la señal) / Estudio del sueño;Contribuir al conocimiento sobre la señal
HermesB: A Continuous Neural Recording System for Freely Behaving Primates;AP;Investigación (sobre sistemas de medida) / Electrodo implantado;Mostrar el funcionamiento de un sistema de medida previamente validado
High frequency ECG during acute myocardial ischemia;ECG;Medicina/biomedicina (estudio/diagnóstico de la isquemia);Contribuir al conocimiento sobre la señal
High resolution EEG and whole head MEG;N/A;N/A;N/A
HyperQ --- New Horizons in Myocardial Ischemia Detection;ECG;Medicina/biomedicina (estudio/diagnóstico de la isquemia);Diseñar un sistema de medida
Impact of Noise on Deep Learning-Based Pseudo-Online Gesture Recognition with High-Density EMG;EMG;HMI (Human-Machine Interface) basada en sEMG;Estudiar una técnica de procesamiento (estudiar la eficacia de una red neuronal ante distintos tipos de ruidos)
Improvement in Neural Respiratory Drive Estimation From Diaphragm Electromyographic Signals Using Fixed Sample Entropy;EMG;Medicina/biomedicina (estudio de \textit{neural respiratory drive} a partir de EMGdi);Estudiar una técnica de procesamiento
Improving mental task classification by adding high frequency band information;EEG;BCI (Brain-Computer Interface) basada en tareas mentales;Contribuir al conocimiento sobre la señal
Improving the quality of combined EEG-TMS neural recordings: Introducing the coil spacer;EEG;Medicina/biomedicina (\textit{transcranial magnetic stimulation});Cancelación de ruido (de una interferencia en particular: debida al procedimiento de TMS)
Increased Gamma Brainwave Amplitude Compared to Control in Three Different Meditation Traditions;EEG;Investigación (sobre la señal);Contribuir al conocimiento sobre la señal (estudiar la influencia de distintas prácticas de meditación en la señal EEG)
Intelligent Service for Hybrid Analysis of COntinuous Mental Processes Based on EEG and Video Data;EEG;Investigación (sobre la señal);Diseñar un sistema de medida (EEG combinada con vídeo para monitorización de procesos mentales continuos)
Localization of an Inert Region in the Brain using Modified Levenberg Marquarts Neural Networks;EEG;Investigación (sobre la señal);Diseñar un algoritmo de detección (localización de zonas intertes en el cerebro)
Machine Learning-Based Gesture Classification Using Hybrid EMG and MMG Signals for Upper Limb Prostheses;EMG;Prótesis (de miembro superior);Diseñar un algoritmo de detección (localización de zonas inertes en el cerebro)
Measuring the cortical correlation structure of spontaneous oscillatory activity with EEG and MEG;Varias;Investigación (sobre la señal);Contribuir al conocimiento sobre la señal
Motion artifacts extraction using dwt from ambulatory ECG (A-ECG);ECG;Medicina/biomedicina (medicina ambulatoria);Cancelación de ruido (de una interferencia en particular: movimientos)
MUAP extraction and classification based on wavelet transform and ICA for EMG decomposition;Varias;Investigación (sobre la señal);Diseñar un algoritmo de detección (detección y clasificación de MUAP a partir de EMG)
Neural Recording Stability of Chronic Electrode Arrays in Freely Behaving Primates;AP;Investigación (sobre sistemas de medida) / Electrodo implantado;Cuantificar la estabilidad de medidas neuronales
Objective response detection in an electroencephalogram during somatosensory stimulation;EP;Investigación (sobre sistemas de medida);Contribuir al conocimiento sobre la señal (estudiar la eficacia de tres métodos para la detección objetiva/cuantitativa de respuestas en el potencial evocado somatosensorial)
Optimal EMG amplitude detectors for muscle-computer interface;EMG;MCI (Muscle-Computer Interface);Contribuir al conocimiento sobre la señal
Optimal Estimation of EMG Standard Deviation (EMG$\sigma$) in Additive Measurement Noise: Model-Based Derivations and Their Implications;EMG;Investigación (sobre la señal);Contribuir al conocimiento sobre la señal
Optimal imaging of cortico-muscular coherence through a novel regression technique based on multi-channel EEG and un-rectified EMG;Varias;Investigación (sobre la señal);Contribuir al conocimiento sobre la señal
Optimization of Data Quality Related EMG Feature Extraction Parameters to Increase Hand Movement Classification Accuracy;EMG;Prótesis (de miembro superior);Diseñar un algoritmo de detección (detección/clasificación de movimientos de las manos a partir de la señal EMG)
Performance comparison of IST and multi scale principal component analysis in the EEG signal processing;EEG;Investigación (sobre técnicas de procesamiento);Cancelación de ruido (de una interferencia en particular: EOG)
Prediction of Cerebral Palsy in Newborns With Hypoxic-Ischemic Encephalopathy Using Multivariate EEG Analysis and Machine Learning;EEG;Medicina/biomedicina (estudio/diagnóstico de la parálisis cerebral);Contribuir al conocimiento sobre la señal (hallar biomarcadores relacionados con el desarrollo de parálisis cerberal en neonatos a partir de EEG)
Probability density of the surface electromyogram and its relation to amplitude detectors;EMG;Investigación (sobre la señal);Contribuir al conocimiento sobre la señal (hallar el mejor parámetro para la estimación de la amplitud de la señal EMG)
Properties of rectiied averaging of an evoked-type signal: theory and application to the vestibular-evoked myogenic potential;EP;Investigación (sobre técnicas de procesamiento);Estudiar una técnica de procesamiento (\textit{rectified averaging} para estudio de potenciales evocados)
Estudiar una técnica de procesamiento (\textit{rectified averaging} para estudio de potenciales evocados);ECG;Investigación (sobre técnicas de filtrado);Cancelación de ruido (de una interferencia en particular: miopotencial)
Real-time monitoring of heart conditions via electrocardiogram processing at different lifestyle situations;ECG;Medicina/biomedicina (medicina ambulatoria);Diseñar un sistema de medida (para monitorización remota en tiempo real de ECG)
Reduction of CPR artifacts in the ventricular fibrillation ECG by coherent line removal;ECG;Medicina/biomedicina (asistencia en emergencias);Cancelación de ruido (de una interferencia en particular: debida al procedimiento RCP)
Remote R-Peak Detection in Single-Lead ECG Chest Monitors Using Clustering Classification and Laser-Induced Graphene Electrodes;ECG;Medicina/biomedicina (medicina ambulatoria);Diseñar un sistema de medida (nuevo electrodo para monitorización remota)
Removal of CPR Artifacts From the Ventricular Fibrillation ECG by Adaptive Regression on Lagged Reference Signals;ECG;Medicina/biomedicina (asistencia en emergencias);Cancelación de ruido (de una interferencia en particular: debida al procedimiento de RCP)
Removal of ocular artifacts in EEG signals measured in a neuroeconomics experiment;N/A;N/A;N/A
Separation of electrocardiographic from electromyographic signals using dynamic filtration;EMG;Investigación (sobre la señal);Cancelación de ruido (de una interferencia en particular: ECG)
Signal strength in nerve cuff electrode recordings;AP;Investigación (sobre sistemas de medida) / \textit{Nerve cuff electrode};Contribuir al conocimiento sobre la señal (mostrar cómo influyen las características del electrodo en el RMS de la señal)
Some limitations of localizing inert region from EEG;EEG;Investigación (sobre la señal);Diseñar un algoritmo de detección (localización de zonas inertes en el cerebro)
Subtraction of 16.67 Hz railroad net interference from the electrocardiogram: application for automatic external defibrillators;ECG;Medicina/biomedicina (asistencia en emergencias) / desfibriladores automáticos;Cancelación de ruido (de una interferencia en particular: red eléctrica ferroviaria)
Surface electromyography as a tool to assess the responses of car passengers to lateral accelerations. Part II: Objective comparison of vehicles;EMG;Automoción;Contribuir al conocimiento sobre la señal (cuantificar el comfort en un vehículo a través de EMG)
Surface EMG and spatial resolution analysis with estimation of electromyographic descriptors;EMG;Investigación (sobre técnicas de filtrado);Probar una técnica de filtrado
The effect of artifact correction on spectral estimates of heart rate variability;ECG;Investigación (sobre la señal);Cancelación de ruido (general)
The effect of linear mixing in the EEG on Hurts exponent estimation;EEG;Investigación (sobre la señal);Contribuir al conocimiento sobre la señal (estudiar el \textit{long-range temporal correlation} y su reacción ante interferencias o filtrado)
The impact of head movements on EEG and contact impedance: An adaptive filtering solution for motion artifact reduction;EEG;Investigación (sobre sistemas de medida) / Electrodo seco;Cancelación de ruido (de una interferencia en particular: \textit{motion artifacts})
Transient electroencephalographic alpha power loss during maintenance of general anaesthesia;EEG;Medicina/biomedicina;Contribuir al conocimiento sobre la señal (EEG con anestesia)
Using Component Synchrony Measure for somatosensory evoked potential detection;EEG;Investigación (sobre técnicas de procesamiento);Estudiar una técnica de procesamiento (estudiar la eficacia del \textit{component synchrony measure} para la detección de respuestas evocadas en la señal EEG durante estimulación somatosensorial)
Wavelet-Based Assessment of the Muscle-Activation Frequency Range by EMG Analysis;EMG;Investigación (sobre la señal);Diseñar un algoritmo de detección (detección del inicio o la intención del movimiento)
Wavelet Thresholding Using GWO Optimization for EEG Denoising;EEG;BCI (Brain-Computer Interface);Cancelación de ruido (de una interferencia en particular: EOG)
